doc_id,text,p_green,u,llm_green_suggested,llm_confidence,llm_rationale,is_green_human,human_notes
9507644,"1. A computer program product for prioritizing processing units in a computing device for task scheduling, the computer program product comprising: a non-transitory storage device storing program instructions to, wherein the program instructions to determine which of the processors is not fully loaded and is in a location with a most favorable thermal condition based on the value of the processor that represents thermal conditions of the location of the processor comprise: wherein the task is scheduled to the first processor if the first processor is not fully loaded and is at the location with the most favorable thermal condition according to the value that represents the thermal condition of the location of the first processor, wherein the task is scheduled to a different processor that is not fully loaded and is at the location with the most favorable thermal condition according to the value that represents the thermal condition of the location of the different processor.",0.499948118333724,0.999896236667448,,,,,
8684208,1. A cylindrical container assembly for storing foodstuffs or liquids comprising: a container comprising:,0.5003506283271619,0.9992987433456761,,,,,
9534814,"1. A magneto-caloric effect type heat pump apparatus comprising: a first magneto-caloric element which generates heat when a first external magnetic field is applied and which absorbs heat when the first external magnetic field is removed; a first magnetic field switcher which switches the first external magnetic field between the applying and the removal; a second magneto-caloric element which generates heat when a second external magnetic field is applied and which absorbs heat when the second external magnetic field is removed; a second magnetic field switcher which switches the second external magnetic field between the applying and the removal; a pump pumping heat transport medium from a middle high-temperature end of the first magneto-caloric element toward a high-temperature end of the first magneto-caloric element when the first external magnetic field is applied to the first magneto-caloric element, and pumping the heat transport medium from the high-temperature end toward the middle high-temperature end when the first external magnetic field is removed from the first magneto-caloric element; the pump pumping the heat transport medium from a low-temperature end of the second magneto-caloric element toward a middle low-temperature end of the second magneto-caloric element when the second external magnetic field is applied to the second magneto-caloric element, and pumping the heat transport medium from the middle low-temperature end toward the low-temperature end when the second external magnetic field is removed from the second magneto-caloric element, an auxiliary heat source device which supplies heat of a heating element to the first magneto-caloric element; wherein cold energy which is transported from the high-temperature end toward the middle high-temperature end of the first magneto-caloric element is further transmitted to the middle low-temperature end of the second magneto-caloric element; the heat of the auxiliary heat source device is transported to the high-temperature end of the first magneto-caloric element; the auxiliary heat source device includes a heat exchanger that transmits the heat of the heating element to the heat transport medium; the heat exchanger is disposed outside of a housing that houses the first magneto-caloric element; the heat exchanger has a ring shape entirely surrounding a circumference of the housing; and the heat exchanger has an inlet and an exit for the heat transport medium at positions opposing to each other through the housing that houses the first magneto-caloric element.",0.4996275747535281,0.9992551495070562,,,,,
8792881,"1. A coordinated multi-point (CoMP) transmission execution cell determination method in a wireless communication system for performing coordinated multi-point transmission in a multi-cell environment, the method comprising: determining, by a serving base station, a terminal to perform the CoMP transmission among terminals in a serving cell, the determining the terminal to perform the CoMP transmission among the terminals in the serving cell being performed by the serving cell based on signals from the terminals regarding channel quality in the serving cell; directing, by the serving base station, the terminal, determined to perform the CoMP transmission, to collect first measurement information on adjacent cells; receiving the first measurement information on adjacent cells from the terminal to prepare a candidate cell list to perform the CoMP transmission based on the first measurement information; transmitting the prepared candidate cell list to the terminal and instructing the terminal to collect second measurement information on candidate cells included in the candidate cell list to perform coordinated multi-point transmission; receiving the second measurement information from the terminal and determining adjacent cells to perform coordinated multi-point transmission in a range of predetermined number of cells based on the received second measurement information; and transmitting information on the determined adjacent cells to the terminal.",0.49955568056405825,0.9991113611281165,,,,,
8953531,"1. A method for managing resources for peer-to-peer (P2P) communication in a wireless communication system, the method comprising: receiving, by a first mobile station (MS) attempting to establish a first P2P communication, a P2P amble signal transmitted on at least one P2P link performing a second P2P communication between different MSs and measuring signal strengths for P2P amble signals; reporting, by the first MS, the measurement results to a base station (BS); and performing, by the first MS, the first P2P communication using a P2P resource that is assigned by the BS considering the measurement results for the at least one P2P link.",0.5004987102862292,0.9990025794275417,,,,,
9096637,"1. A composition comprising an RNAi agent to HSF1 comprising a first strand and a second strand, wherein the sequence of the first strand comprises the sequence of SEQ ID NO: 785, wherein the first and/or second strand are modified or unmodified, and wherein the first and/or second strand are about 30 or fewer nucleotides in length.",0.4993767415419008,0.9987534830838016,,,,,
9647788,"1. A system, comprising: a memory that stores instructions associated with components; and a processor that executes the instructions stored in the memory to facilitate performance of operations by the components, the components comprising:",0.5006499495510218,0.9987001008979564,,,,,
9853179,"1. A system for reducing dark current in a photodiode, comprising: a heater configured to heat a photodiode above room temperature; a reverse bias voltage source configured to apply a reverse bias voltage to the heated photodiode to reduce a dark current generated by the photodiode; and a control system configured to trigger the reverse bias voltage source to apply the reverse bias voltage for a duration less than a duration that the heater heats the photodiode.",0.4992852792148413,0.9985705584296826,,,,,
9446341,"1. A sub atmospheric pressure gas scrubber suitable for use upstream of a vacuum pump, the gas scrubber comprising: a vessel; and means for forming a spray of cleaning solvent within the vessel, wherein the vessel comprises an inlet and an outlet for the gas to be cleaned at sub atmospheric pressures, the inlet and outlet being arranged to cause the gas to be cleaned to pass through the spray of cleaning solvent, wherein the means for forming the spray of cleaning solvent comprises a plurality of spray nozzles, wherein the plurality of spray nozzles comprises a main spray nozzle and additional spray nozzles that are offset radially or radially and axially with respect to the main spray nozzle, wherein the main spray nozzle and the additional spray nozzles are oriented in substantially the same direction, wherein the main spray nozzle is mounted substantially coaxially with the vessel and adapted to form a full circular spray pattern that covers the whole inside diameter of the vessel, and wherein each spray nozzle of the plurality of spray nozzles are arranged to form a spray pattern of cleaning solvent within the vessel, wherein the spray patterns are arranged to overlap radially or radially and axially.",0.49928253777970505,0.9985650755594101,,,,,
8912651,"1. A structure comprising: a first substrate; stud bulbs coupled to a first surface of the first substrate, the stud bulbs comprising a first material composition; a die attached to the first surface of the first substrate; a second substrate; solder electrical connectors coupled to the second substrate, the solder electrical connectors comprising a second material composition, the second material composition being different from the first material composition, respective ones of the solder electrical connectors coupling respective ones of the stud bulbs; and respective ones of protection coatings on a surface of the respective ones of the stud bulbs, the respective ones of the protection coatings being between the respective ones of the stud bulbs and the respective ones of the solder electrical connectors, the protection coatings comprising a third material composition, the third material composition being different from the first material composition and the second material composition.",0.5007392485570279,0.9985215028859442,,,,,
9399272,"1. A dust extraction device for a rotary power tool having an elongate rotating drill bit for operating on a work surface, said device comprising: a casing having an inlet and an outlet and defining an interior cavity, said inlet and outlet communicating with the interior cavity for permitting air flow into the interior space from the inlet to the outlet; and a fan element having a plurality of impellers and a central hub adapted for rotation within and independent of the casing for inducing air flow within the casing from the inlet to the outlet when the fan element rotates; whereby rotation of the drill bit results in air flow to remove debris from the work surface to the outlet without rotating the casing; wherein: the hub is adapted for engaging the drill bit in a manner that permits rotation of the hub as well as axial movement of the drill bit relative to the hub during rotation of the drill bit; rotation of the drill bit is transferred to the fan element via two opposing aligned pins that extend radially into a spiral flute of the drill bit; the fan element is articulated to the drill bit by means of an adapter comprising a generally cylindrical body having an axial bore dimensioned to accommodate a drill bit so as to allow unimpeded rotation of the drill bit within the adapter without undue slack; and said pins projected radially through a side surface of the cylindrical body of said adapter leaving protruding portions that project out of a side surface of the body and are adapted to engage arcuate recesses in the hub of the fan element.",0.4988125910871094,0.9976251821742188,,,,,
8396503,"1. A method of updating a signal quality target for power control of an ongoing uplink radio transmission in a radio communication system, said method comprising: detecting a change in transmission format from a first transmission format to a second transmission format for the uplink radio transmission; updating the signal quality target to include a target offset component associated with the detected change in transmission format; and determining said target offset component as a difference between an estimated required signal quality associated with the second transmission format and an estimated required signal quality associated with the first transmission format.",0.5014476651317681,0.9971046697364638,,,,,
9025316,"1. An electrical component, comprising an inkjet-printed electrode on a flexible substrate, said electrode including a plurality of overlapping dot-like structures which include graphene flakes, at least some of said graphene flakes having oxygen-containing functional groups.",0.5016111426765111,0.9967777146469778,,,,,
9050744,"1. An apparatus for the shaping of plastics material pre-forms into plastics material containers, comprising: a blow-moulding station arranged on a movable conveying device, wherein the blow moulding station includes a blow-mould that forms a cavity in the interior of which plastics material pre-forms are capable of being expanded by being acted upon with a gaseous medium to form the plastics material containers; a stressing device configured to act upon the plastics material pre-forms with the gaseous medium in order to expand them; a clean room which surrounds the blow moulding station at least in part; a stretching unit configured to stretch the plastics material pre-forms along their longitudinal direction, wherein the stretching unit includes:",0.49836784103824805,0.9967356820764961,,,,,
9200120,"1. An intermediate transfer member comprising a layer of a siloxyfluorocarbon networked polymer prepared from siloxyfluorocarbon monomers represented by the structure: wherein R 1 is an aliphatic or aromatic fluorocarbon chain; L is a C a H 2a linker group, where a is a number between 0 and about 10; and X 1 , X 2 , and X 3 are reactive hydroxide functionalities, reactive alkoxide functionalities, unreactive aliphatic functionalities of from about 1 carbon atom to about 10 carbon atoms, or unreactive aromatic functionalities including from about 3 carbon atoms to about 10 carbon atoms, wherein the surface free energy of the intermediate transfer member is from about 10 mN/m to about 40 mN/m to provide wetting of an ink applied to the intermediate transfer member and further wherein the intermediate transfer member exhibits no permanent adhesion of ink to the layer of siloxyfluorocarbon networked polymer.",0.5017742616467801,0.9964514767064399,,,,,
9284631,"1. A hypereutectic white iron alloy, wherein the alloy comprises, in weight percent based on a total weight of the alloy: remainder Fe and unavoidable impurities, provided that a carbonitride volume fraction (CNVF): (% C+% N)×12.33+(% Cr+% M)×0.55−15.2 equals at least 50, % M representing a total percentage of V, Mo, Nb, and Ti.",0.49804539782772456,0.9960907956554491,,,,,
8589718,"1. A performance scaling device, adaptable to a processor which supports fine-grain performance scaling, the performance scaling device comprising: a variable-latency datapath, comprising a plurality of power domains, wherein an operation latency is generated according to the variable-latency datapath; a voltage scaling unit, generating a plurality of operation voltages and transmitting the operation voltages respectively to the power domains of the variable-latency datapath; and a latency prediction unit, receiving a system latency tolerance and the operation latency and generating a voltage scaling signal according to the system latency tolerance and the operation latency for the voltage scaling unit, so as to control the voltage scaling unit to output and scale the operation voltages of the power domains.",0.4980099654960532,0.9960199309921064,,,,,
8650629,1. An apparatus comprising: a system-on-a-chip (SoC) including:,0.5020243949912233,0.9959512100175534,,,,,
9578600,"1. A method for determining whether an enhanced physical downlink control channel (ePDCCH) transmission exists for a user equipment (UE) in a subframe, the method comprising the steps of: receiving, at the UE, a transmission on physical downlink control channel (PDCCH) resources of the subframe; extracting downlink control information (DCI) from the PDCCH resources, the DCI comprising at least one bit indicating whether the ePDCCH transmission exists for the UE in the subframe; determining, at the UE, whether the ePDCCH transmission exists using the at least one bit; and buffering and decoding additional symbols of the subframe when the ePDCCH transmission exists, wherein the at least one bit comprises two bits indicating one of absence of the ePDCCH transmission for the UE, presence of the ePDCCH transmission carrying an uplink assignment or power control information for the UE, and presence of the ePDCCH transmission carrying a downlink assignment for the UE, and wherein, when the two bits indicate the presence of the ePDCCH transmission carrying the uplink assignment or power control information, buffering and decoding the additional symbols comprises: buffering and decoding only resources corresponding to the ePDCCH transmission for the UE; and ignoring remaining physical resource blocks (PRBs) of the subframe.",0.5021434453554628,0.9957131092890743,,,,,
9591444,"1. A method of detecting a geofence crossing, comprising: Kalman filtering a plurality of past individual location fixes retrieved for a wireless device to produce a latest Kalman-filtered location of said wireless device; determining movement of a target device in a direction away from a geofence boundary; dynamically determining a more energy efficient location fix before a subsequent Kalman-filtered location of said wireless device, said more energy efficient location fix being determined based on a direction of said wireless device relative to said geofence boundary.",0.497844741788453,0.995689483576906,,,,,
9745308,"1. A compound of formula (I): wherein R R R Cy is a heteroaryl, which may be optionally and independently substituted by one or more of halogen, —OH, —(CH R Z, when present, is —O—, —NH—, —C(O)—, —NHC(O)—, —C(O)NH—, —S—, —S(O)—, or —S(O) m is zero or 1; n is 1 or 2; p at each occurrence independently is zero or an integer ranging from 1 to 3; or a pharmaceutically acceptable salt thereof.",0.502356830784517,0.995286338430966,,,,,
9504969,"1. Procedure for liquefying sludge, including: providing a sludge-shearing vessel; the vessel is equipped with operable shearing blades; the blades are of such size and robustness as to be effective, when operated, to shear sludge residing in the vessel; providing a vessel-body of sludge; the vessel-body of sludge includes organic solids and water; a substantial component of the vessel-body of sludge is in the form of bio-cellular strands; providing a vessel-quantity of a biological thickener substance; the chemical and physical characteristics of the thickener are such that, when the thickener is mixed with the water, a viscous liquid is formed, being a liquid having a viscosity that is substantially greater than that of the water; placing the vessel-body of sludge and the vessel-quantity of thickener together in the vessel; forming a viscous vessel-mixture by mixing the water of the vessel-body of sludge with the vessel-quantity of thickener, the solids being dispersed in the viscous vessel-mixture; so operating the shearing blades as to subject the vessel-mixture to violent shearing; operating the shearing blades with enough energy to liquefy the sludge; and transferring the liquefied sludge out of the vessel.",0.5023682624919226,0.9952634750161549,,,,,
9627579,"1. An LED device capable of emitting electromagnetic radiation ranging from about 200 nm to 365 nm, the device comprising: a substrate member, the substrate member being selected from sapphire, silicon, quartz, gallium nitride, gallium aluminum nitride, or others; a sloped mesa region; an active region overlying the substrate region, the active region comprising a light emitting spatial region comprising a p-n junction, the light emitting spatial region configured with the sloped mesa region such that a ratio of the sloped mesa region to the light emitting spatial region ranges from 1 to 4, the light emitting spatial region characterized by a concentrated current region; an optical structure spatially disposed separate and apart the light emitting spatial region and is configured to facilitate light extraction from the active region.",0.49755458393999247,0.9951091678799849,,,,,
8945974,"1. A method of manufacturing an organic light-emitting display device, the method comprising: fixing a substrate onto an electrostatic chuck; combining the electrostatic chuck with a chuck moving member; moving the electrostatic chuck along a guide member into a chamber by using the chuck moving member; and depositing an organic layer on the substrate while moving the substrate with respect to an organic layer deposition assembly arranged in the chamber, wherein the chuck moving member is moved along the guide member by an association of a chain, unit and a hook unit, and wherein the substrate is spaced apart from the organic layer deposition assembly.",0.5025208934389029,0.9949582131221941,,,,,
9570633,"1. A semiconductor package, comprising: a substrate having at least one light sensor or at least one thermal sensor, a first surface, a second surface opposite to the first surface, and a sidewall that is adjacent to the first and second surfaces, wherein the at least one light sensor or the at least one thermal sensor is disposed on the first surface, wherein the first surface of the substrate has at least one electrical connecting pad that protrudes from the sidewall, wherein the second surface of the substrate has an opening to expose the at least one light sensor or the at least one thermal sensor, and wherein the sidewall faces away from the opening; at least one support disposed on the first surface of the substrate; a cover disposed on the at least one support, such that the cover is above the at least one light sensor or the at least one thermal sensor to form a first space between the cover and the at least one light sensor or between the cover and the at least one thermal sensor; a plate placed on the second surface of the substrate to cover the opening, such that a second space is formed between the plate and the at least one light sensor or between the plate and the at least one thermal sensor; and an isolation layer between the second surface of the substrate and the plate, and covering the sidewall of the substrate and the at least one electrical connecting pad that protrudes from the sidewall, wherein the isolation layer does not extend beyond a top most surface of the plate adjacent the second surface of the substrate.",0.4974341780759831,0.9948683561519662,,,,,
9657809,"1. A crankshaft comprising: a cheek; a torsion-absorbing pendulum pivotally coupled to the cheek with a fulcrum pin; and a rotational speed actuated brake including a valve configured to release, when open, a lubricant jet to oppose motion of the pendulum relative to the cheek and further configured to cut off the lubricant jet when closed, the brake configured to provide greater opposition to the motion at lower rotational speeds than at higher rotational speeds via the valve.",0.4973001812071422,0.9946003624142844,,,,,
8729113,"1. A compound selected from the group consisting of (S)-4-[2-(4-benzyl-phenoxy)-ethyl]-4,5-dihydro-oxazol-2-ylamine; (S)-4-[2-(4′-fluoro-biphenyl-4-yloxy)-ethyl]-4,5-dihydro-oxazol-2-ylamine; (S)-4-[2-(4-chloro-3-fluoro-phenoxy)-ethyl]-4,5-dihydro-oxazol-2-ylamine; (S)-4-[2-(4-bromo-phenoxy)-ethyl]-4,5-dihydro-oxazol-2-ylamine; (S)-4-[2-(3,4-dichloro-phenoxy)-ethyl]-4,5-dihydro-oxazol-2-ylamine; (S)-4-[2-(4-chloro-2-fluoro-phenoxy)-ethyl]-4,5-dihydro-oxazol-2-ylamine; (S)-4-[2-(4-methoxy-phenoxy)-ethyl]-4,5-dihydro-oxazol-2-ylamine; (S)-4-[2-(4-trifluoromethyl-phenoxy)-ethyl]-4,5-dihydro-oxazol-2-ylamine; 3-[2-((S)-2-amino-4,5-dihydro-oxazol-4-yl)-ethoxy]-benzonitrile; 3-[4-(S)-2-amino-4,5-dihydro-oxazol-4-yl)-ethoxy]-benzoic acid methyl ester; (S)-4-[2-(3,5-difluoro-phenoxy)-ethyl]-4,5-dihydro-oxazol-2-ylamine; 3-[2-((S)-2-amino-4,5-dihydro-oxazol-4-yl)-ethoxy]-benzoic acid benzyl ester; (S)-4-[(S)-2-(4-chloro-phenoxy)-propyl]-4,5-dihydro-oxazol-2-ylamine; (S)-4-[(S)-2-(4-fluoro-phenoxy)-propyl]-4,5-dihydro-oxazol-2-ylamine; (S)-4-[(S)-2-(3-chloro-phenoxy)-propyl]-4,5-dihydro-oxazol-2-ylamine; (S)-4-[(S)-2-(3,4-difluoro-phenoxy)-propyl]-4,5-dihydro-oxazol-2-ylamine; (S)-4-[(S)-2-(4-chloro-3-fluoro-phenoxy)-propyl]-4,5-dihydro-oxazol-2-ylamine; (S)-4-[(S)-2-(4-bromo-phenoxy)-propyl]-4,5-dihydro-oxazol-2-ylamine; (S)-4-[(S)-2-(3-chloro-4-fluoro-phenoxy)-propyl]-4,5-dihydro-oxazol-2-ylamine; (S)-4-[(S)-2-(4-chloro-2-fluoro-phenoxy)-propyl]-4,5-dihydro-oxazol-2-ylamine; (S)-4-[(S)-2-(2,4-difluoro-phenoxy)-propyl]-4,5-dihydro-oxazol-2-ylamine; (S)-4-[(S)-2-(3,4-dichloro-phenoxy)-propyl]-4,5-dihydro-oxazol-2-ylamine; 3-[(S)-2-(S)-2-amino-4,5-dihydro-oxazol-4-yl)-1-methyl-ethoxy]-benzonitrile; (S)-4-[(S)-2-(4-phenoxy-phenoxy)-propyl]-4,5-dihydro-oxazol-2-ylamine; (S)-4-(S)-2-phenoxy-propyl)-4,5-dihydro-oxazol-2-ylamine; (S)-4-[(R)-2-(3-chloro-phenoxy)-propyl]-4,5-dihydro-oxazol-2-ylamine; (S)-4-[(R)-2-(3-chloro-4-fluoro-phenoxy)-propyl]-4,5-dihydro-oxazol-2-ylamine; (S)-4-[(R)-2-(3,4-dichloro-phenoxy)-propyl]-4,5-dihydro-oxazol-2-ylamine; (S)-4-[(S)-2-(4-chloro-phenoxy)-butyl]-4,5-dihydro-oxazol-2-ylamine; (S)-4-(S)-2-phenoxy-butyl)-4,5-dihydro-oxazol-2-ylamine; (S)-4-[(S)-2-(4-bromo-phenoxy)-butyl]-4,5-dihydro-oxazol-2-ylamine; (S)-4-[(S)-2-(3-chloro-phenoxy)-butyl]-4,5-dihydro-oxazol-2-ylamine; (S)-4-[(S)-2-(4-chloro-3-fluoro-phenoxy)-butyl]-4,5-dihydro-oxazol-2-ylamine; (S)-4-[(S)-2-(2,4-difluoro-phenoxy)-butyl]-4,5-dihydro-oxazol-2-ylamine; (S)-4-[(S)-2-(4-fluoro-phenoxy)-butyl]-4,5-dihydro-oxazol-2-ylamine; (S)-4-[(S)-2-(3,4-difluoro-phenoxy)-butyl]-4,5-dihydro-oxazol-2-ylamine; (S)-4-[(S)-2-(3-chloro-4-fluoro-phenoxy)-butyl]-4,5-dihydro-oxazol-2-ylamine; (S)-4-[(S)-2-(4-trifluoromethyl-phenoxy)-butyl]-4,5-dihydro-oxazol-2-ylamine; (S)-4-[(S)-2-(3,4-dichloro-phenoxy)-butyl]-4,5-dihydro-oxazol-2-ylamine; (S)-4-[(S)-2-(4-chloro-2-fluoro-phenoxy)-butyl]-4,5-dihydro-oxazol-2-ylamine; (S)-4-[(S)-2-(3-benzyloxy-phenoxy)-butyl]-4,5-dihydro-oxazol-2-ylamine; 3-[(S)-1-((S)-2-amino-4,5-dihydro-oxazol-4-ylmethyl)-propoxy]-phenol; (S)-4-[(S)-2-(2,4,5-trifluoro-phenoxy)-butyl]-4,5-dihydro-oxazol-2-ylamine; (S)-4-[(S)-2-(naphthalen-2-yloxy)-butyl]-4,5-dihydro-oxazol-2-ylamine; (S)-4-[(S)-2-(2,4-dichloro-phenoxy)-butyl]-4,5-dihydro-oxazol-2-ylamine; (S)-4-[(S)-3-(4-fluoro-phenyl)-butyl]-4,5-dihydro-oxazol-2-ylamine; (S)-4-[(R)-3-(4-fluoro-phenyl)-butyl]-4,5-dihydro-oxazol-2-ylamine; (4 S)-4-[3-(3,5-difluoro-phenyl)-pentyl]-4,5-dihydro-oxazol-2-ylamine; (S)-4-[(S)-1-(4-fluoro-phenyl)-ethoxymethyl]-4,5-dihydro-oxazol-2-ylamine; (S)-4-((S)-1-phenyl-propoxymethyl)-4,5-dihydro-oxazol-2-ylamine; (S)-4-{2-[1-(4-fluoro-phenyl)-cyclopropyl]-ethyl}-4,5-dihydro-oxazol-2-ylamine; (S)-4-{2-[1-(2,4-difluoro-phenyl)-cyclopropyl]-ethyl}-4,5-dihydro-oxazol-2-ylamine; (S)-4-{2-[1-(3-chloro-4-fluoro-phenyl)-cyclopropyl]-ethyl}-4,5-dihydro-oxazol-2-ylamine; (S)-4-{2-[1-(3,4-difluoro-phenyl)-cyclopropyl]-ethyl}-4,5-dihydro-oxazol-2-ylamine; (S)-4-{2-[1-(4-chloro-phenyl)-cyclobutyl]-ethyl}-4,5-dihydro-oxazol-2-ylamine; (S)-4-{2-[1-(3,5-difluoro-phenyl)-cyclopropyl]-ethyl}-4,5-dihydro-oxazol-2-ylamine; (S)-4-{2-[1-(3-chloro-5-fluoro-phenyl)-cyclopropyl]-ethyl}-4,5-dihydro-oxazol-2-ylamine; (S)-4-{2-[1-(4-bromo-phenyl)-cyclopropyl]-ethyl}-4,5-dihydro-oxazol-2-ylamine; (S)-4-{2-[(3-chloro-phenyl)-dimethyl-silanyl]-ethyl}-4,5-dihydro-oxazol-2-ylamine; and (S)-4-{2-[(4-chloro-phenyl)-dimethyl-silanyl]-ethyl}-4,5-dihydro-oxazol-2-ylamine.",0.5027088068722695,0.994582386255461,,,,,
9175249,"1. A sterile, aqueous ophthalmic composition comprising an ethyleneoxide butyleneoxide (EO-BO) block copolymer of the formula (EO) m (BO) n and a galactomannan, and wherein m has an average value of 45 and n has an average value of 9 to 18.",0.5028573561573735,0.994285287685253,,,,,
8395314,"1. A light-emitting element comprising: a cathode; an anode; a first light-emitting layer that is disposed between the cathode and the anode and is constituted by containing a host material and a guest material added to the host material and being a red light-emitting material that emits light in red as a first color; a second light-emitting layer that is disposed between the first light-emitting layer and the cathode and is constituted by containing a host material and a guest material added to the host material and being a second color light-emitting material that emits light in a second color; a third light-emitting layer that is disposed between the second light-emitting layer and the cathode and is constituted by containing a host material and a guest material added to the host material and being a third color light-emitting material that emits light in a third color; a first interlayer that is disposed between the first light-emitting layer and the second light-emitting layer so as to be in contact with them and is constituted by containing the same or the same type of material as the host material of the first light-emitting layer and not substantially containing materials having a light-emitting property, for adjusting movement of holes and electrons between the first light-emitting layer and the second light-emitting layer; and a second interlayer that is disposed between the second light-emitting layer and the third light-emitting layer so as to be in contact with them and is constituted by containing the same or the same type of material as the host material of the second light-emitting layer and/or the host material of the third light-emitting layer and not substantially containing materials having a light-emitting property, for adjusting movement of holes and electrons between the second light-emitting layer and the third light-emitting layer, the host material of the second light-emitting layer and/or the host material of the third light-emitting layer containing an anthracene-based material.",0.5028861464483448,0.9942277071033103,,,,,
8460525,"1. A device for use in assaying glycated hemoglobin in a blood, blood-containing, or blood-derived sample, comprising: an electrochemical cell comprising:",0.4968585777338007,0.9937171554676014,,,,,
9412986,"1. A separator structure for separation of electrodes in an electrochemical cell, the separator structure being in the form of a flat, but foldable or rollable porous layer having a thickness no greater than about fifty micrometers, the separator layer structure comprising micro-fibrillated nanofibers comprising stems with fibrillated, branching fibers, the micro-fibrillated nanofibers having lengths ranging from about five micrometers to a thousand micrometers and a combined specific surface area of from about 50 m 2 /g to about 300 m 2 /g, the micro-fibrillated nanofibers being randomly-oriented in the flat porous layer, and intermixed and spaced-apart with ceramic particles, the micro-fibrillated nanofiber stems having diameters in a range of about 0.01 to about 0.1 micrometers and the overall diameters of the micro-fibrillated nanofiber fiber stems and the branching fibers being up to 2 micrometers, the flat layer separator structure being porous for infiltration with a liquid electrolyte, the separator structure being resistant to shrinkage when heated to temperatures up to 150° C., the composition of the micro-fibrillated nanofibers being selected from the group consisting of cellulose, poly(acrylonitrile), polyamides, and polyethylene terephthalate, and the separator structure having a pore volume that is 20% to 90% of the outline volume of the separator structure.",0.5031621456522523,0.9936757086954955,,,,,
9498800,"1. A method for removing impurities from shredded plastic ( 56 ) using an apparatus comprising a first cleaning disk ( 10 ) with a first cleaning surface ( 12 ) and a second cleaning disk ( 40 ) with a second cleaning surface ( 42 ), wherein the cleaning surfaces ( 12 , 42 ) lie opposite each other and define amongst each other a cleaning gap ( 44 ), further comprising a drive device, with which at least one of the cleaning disks ( 12 , 42 ) is rotatable around its rotational axis ( 22 ) and a feeding device, with which the shredded plastic 56 can be fed between the cleaning disks ( 10 , 40 ), wherein the cleaning surfaces ( 12 , 42 ) of the cleaning disks ( 10 , 40 ) each have a plurality of cleanings ribs ( 18 , 46 ) extending between an inner and an outer edge ( 14 , 16 ) of the cleaning surfaces ( 12 , 42 ), wherein at least one flank ( 24 , 28 ) of the cleaning ribs ( 18 , 46 ) is tilted or bent with respect to an axial direction of the respective cleaning disk ( 10 , 40 ), several cleaning webs ( 20 , 48 ) progressing transversely to an extension direction of the cleaning ribs ( 18 , 46 ) are arranged between at least some of the adjacent cleaning ribs ( 18 , 46 ) the cleaning webs ( 20 , 48 ) of the first and/or second cleaning disk ( 10 , 40 ) each rise in a ramp-like manner in a radial direction of the cleaning disks ( 10 , 40 ) and the cleaning webs ( 20 , 48 ) of the first cleaning disk ( 10 , 40 ) have a lower height than the cleaning ribs ( 18 , 46 ) of the first cleaning disk ( 10 ) and/or that the cleaning webs ( 20 , 48 ) of the second cleaning disk ( 48 ) have a lower height than the cleaning ribs ( 18 , 46 ) of the second cleanings disk ( 48 ), wherein said method includes the following steps: at least one cleaning disk ( in which liquid, is fed into the cleaning gap ( wherein shredded plastic ( wherein the shredded plastic (",0.4968315217208274,0.9936630434416548,,,,,
8747264,"1. A belt for a heat engine comprising: a strip of material including a plurality of discrete sections disposed in spaced relationship to one another and extending longitudinally and presenting a first side and a second side, opposing the first side; wherein the strip of material forms a continuous loop; at least one wire extending longitudinally between the discrete sections such that the at least one wire is exposed; wherein the at least one wire is further defined as extending circumferentially about the continuous loop of the strip of material to form a coil; wherein the at least one wire includes a shape memory alloy material; wherein a localized region of the at least one wire is configured to change crystallographic phase from martensite to austenite and thereby contract longitudinally in response to exposure to a first temperature such that the strip of material corresponding to the localized region of the at least one wire also contracts; and wherein the localized region of the wire is also configured to change crystallographic phase from austenite to martensite and thereby expand longitudinally in response to exposure to a second temperature such that the strip of material corresponding to the localized region of the at least one wire also expands.",0.49682118918097234,0.9936423783619447,,,,,
9003068,"1. A computer system, comprising: a host adapter, including:",0.5031984911442959,0.9936030177114081,,,,,
9779617,"1. A leak and overflow detection system for a toilet, comprising: a microcontroller; wetness sensor; and proximity sensor; and wherein false positives in leak detection are reduced by correlating proximity data with wetness sensor data to determine the presence of a human using the toilet.",0.5032218591493309,0.9935562817013381,,,,,
8622011,"1. A floating foundation supporting framework ( 4 ) for offshore structures, comprising buoyancy elements ( 28 , 29 , 30 ) and a supporting framework ( 11 , 12 , 13 , 14 ), wherein the supporting framework ( 11 , 12 , 13 , 14 ) comprises a combination of a shell supporting framework and a bar framework, including cantilevers ( 11 , 12 , 13 ), the cantilevers ( 11 , 12 , 13 ) comprise spatial trussed frameworks with rods that extend radially outward from a central spatial trussed structure ( 14 ), the buoyancy elements ( 28 , 29 , 30 ) are at least partially made of concrete, and the supporting framework ( 11 , 12 , 13 , 14 ) is made of steel, and wherein a hydraulic adjustment arrangement for active leveling of a floating foundation is positioned in the buoyancy elements ( 28 , 29 , 30 ).",0.4967632354358984,0.9935264708717968,,,,,
9719181,"1. A method for providing droplets comprising metal ions, the method comprising: contacting a solvent to a metal to produce solvated metal ions; applying voltage to produce solvent droplets comprising the solvated metal ions; and directing the solvent droplets comprising the solvated metal ions to a mass spectrometer.",0.4966893402689602,0.9933786805379204,,,,,
8392378,"1. A data processing system comprising: one or more processors; one or more memories coupled to the one or more processors; at least one input/output (I/O) adapter that enables connection to an external network with a shared storage repository; and a virtualization management component executing within the data processing system to generate a plurality of operating system (OS) partitions including a first virtual I/O server (VIOS) partition, which performs the functions of: configuration backup and to return a respective second XML configuration file to a single collating storage location;",0.5033199235152904,0.9933601529694192,,,,,
8662016,"1. A thistle seed or Nyjer seed bird feeder, comprising: an elongated, sock-like tubular feeder body having a selectively closable upper end, a lower end, and a non-metallic mesh wall extending therebetween; said mesh wall defining feed openings which are small enough to prevent bird feed in said feeder body from freely passing therethrough but which are large enough so that birds may feed therethrough; a plurality of vertically spaced-apart flexible feed baffle members positioned in said feeder body and secured thereto above said lower end thereof; each of said flexible feed baffle members maintaining a certain amount of bird feed at that level in said feeder body while permitting bird feed to pass downwardly therethrough; each of said feed baffle members comprising an inverted, truncated funnel member; each of said funnel members of said feed baffle members including a lower peripheral portion which is positioned closely to the inside surface of said feeder body, a truncated, inverted conical portion, having upper and lower ends, which extends upwardly from said lower peripheral portion, and a generally cylindrical portion, having upper and lower ends, which extends upwardly from said upper end of said truncated, inverted conical portion; and a plurality of flexible support members secured to and extending between said upper end of said cylindrical portion of each of said feed baffle members and said feeder body which maintain said generally cylindrical portion and said conical portion thereof in a functional position; said feeder body and each of said feed baffle members being comprised of a flexible material which permits said feeder body and said feed baffle members to be folded or collapsed for shipment or storage when said feeder body is empty of bird feed.",0.49636004293723224,0.9927200858744645,,,,,
8822910,"1. A method for tuning a gamma camera having a plurality of photosensors, a plurality of high voltage Digital-to-Analog converters (DAC HV ), and a plurality of photosensor Digital-to-Analog converters (DAC DET ) associated with each photosensor, comprising: a) exposing the photosensors to scintillation photons corresponding to nuclear radiation of known energy; b) measuring an energy output corresponding to each specific photosensor; c) calculating an average energy output of all photosensors in said camera; d) calculating a difference between the average energy output of all photosensors and a target energy output of all photosensors; e) converting the difference to a corresponding calculated high voltage Dac change value; f) calculating for said DAC g) calculating an energy change between measured energy output of each photosensor and said average energy output; h) calculating, for each of said DAC i) determining photosensor Dac values for each of said DAC j) repeating steps b-i until convergence is achieved between the average energy, measured energy output, and target energy output.",0.4961999079257566,0.9923998158515132,,,,,
9200227,"1. A fire-kindler comprising a portable pocket-sized geometrically shaped plate having a perpendicular perimeter communication between a top surface and a bottom surface for ignition, said plate formed from a single element of combustible material wherein a plurality of mechanically introduced air apertures pass completely there through in a perpendicular direction, each of said air apertures providing a vertical cooperative updraft during combustion, each of said air apertures provide an air-flow velocity and an air and fuel gas mixture, each of said air apertures further include a substantially vertical interior configuration which includes a constricted upper portion of the aperture, wherein each of the constricted aperture upper portion providing an increase in the air-flow velocity and cooperatively provides an exited combustible premix of air and fuel gas mixture within and vertically through each of said air apertures through said plate having a pattern of arrangement with said plurality of said air apertures whereby each of the exited combustible premixes shall emanate, and ignite into a vertical flame during combustion, said pattern of arrangement providing an accumulation comprised of said flame, emanation and vertical cooperative updraft, said accumulation providing a combined delivery of a cumulative effect which is comprised of more neutral flames from the air and fuel gas constricted premixes and of the constricted increases of the flame velocities, whereby the fire-kindler will produce a unified vertical flame of said plate and draw potential heat together into a hotter and more steady solitary flame.",0.49607483690940324,0.9921496738188065,,,,,
8816865,1. A method of calculating the quality of a steam mixture comprising the steps of: passing the steam mixture from a high pressure region to a low pressure region through a first pressure reducer; heating the steam mixture in the low pressure region; measuring both the temperature and pressure of the steam in both the high pressure region and the low pressure region; and calculating the quality of the steam mixture from the measured temperatures and pressures.,0.49605650476450325,0.9921130095290065,,,,,
9049689,"1. A method implemented by a user equipment of controlling activation of at least one cell in a radio communication network comprising a number of radio base stations, said method comprising: receiving, from a radio base station managing an active cell, random access enabling information applicable to a passive other cell of a radio base station currently not transmitting any cell-defining information for said other cell; and transmitting, based on said random access enabling information, a random access to said radio base station of said other cell to activate said other cell and cause said radio base station of said other cell to start transmission of cell-defining information for said other cell.",0.5039466386002218,0.9921067227995564,,,,,
9371959,"1. A storage and charging station comprising at least one appliance connection plug, and a support for electronic appliances, the support comprising a hollow profile having a first channel extending in a longitudinal direction of the support and adapted to receive the at least one appliance connection plug, characterized in that the first channel has the basic shape of a cylinder whose inner diameter substantially corresponds to the outer diameter of a cylindrical base element of the connection plug, wherein the connection plug is pivotable about the middle axis of the cylinder, and wherein the first channel provides the connection plug with a linear guidance in the longitudinal direction so that the connection plug is slidable in the longitudinal direction and pivotable within a predetermined angular range in a direction perpendicular to the longitudinal direction.",0.5040052364016663,0.9919895271966674,,,,,
9057419,"1. A link chain comprising: chain links, each of the chain links being connected to the next by a chain articulation and having at least two link plates, the link plates being made of alloyed steel and having at least two link openings, wherein one link pin extends through each of the link openings to form a chain articulation, wherein the link plates are manufactured from a boron-manganese steel and are formed using at least one of a cutting process and a punching process, and wherein the mass proportion of carbon in the boron-manganese steel is between 0.35% and 0.45% by weight.",0.49592334531959714,0.9918466906391943,,,,,
8607927,"1. A multilayer laminate for use as a flame barrier comprising (i) a first polymeric film layer capable of withstanding a temperature of at least 200 C for at least 10 min, (ii) a first adhesive layer having an areal weight of from 2 to 40 gsm capable of activation at a temperature of from 75 to 200 degrees C., (iii) an inorganic refractory layer, (iv) a second adhesive layer having an areal weight of from 2 to 40 gsm capable of activation at a temperature of from 75 to 200 degrees C., and (v) a second polymeric film layer capable of withstanding a temperature of at least 200 C for at least 10 min, wherein at least one of the first or second polymeric film layers is thermoplastic;",0.4958919523086352,0.9917839046172704,,,,,
9577109,"1. A transparent conductive film comprising: a compound having a crystalline structure and of Chemical Formula 1: wherein: R is Sc, Fe, Cu, Ga, Y, In, Er, Tm, Yb, or Lu, X is Al, A is Mg, Mn, Co, or Zn, m is 1 to 4, n is 1 to 7, and p and q represent an atom content ratio of greater than 0 to 1 or less independently of each other.",0.5041113628184675,0.9917772743630651,,,,,
8864017,"1. A reusable plastic container, the container comprising: a plastic container body having opposing side panels and opposing end panels; the container body having top side panel flaps attached to a top portion of each side panel, and bottom side panel flaps attached to a bottom portion of each side panel; the container body having top end panel flaps attached to a top portion of each end panel, and bottom end panel flaps attached to a bottom portion of each end panel; and the top and bottom side panel flaps each defined with respect to the side panels by a fold line, each of the fold lines including at least a first scored portion and a separate at least a first welded portion, wherein the scored and welded portions alternate along a continuous section of the fold line.",0.5041473146217769,0.9917053707564463,,,,,
8602099,"1. A process for the production of mineral oil from underground mineral oil deposits in which at least one production well and at least one injection well have been sunk, comprising at least the following process steps: (1) forcing aqueous, gel-forming formulations (F) through an injection well into the mineral oil deposit, the formulations (F) comprising water and one or more chemical components, which, after being forced into the deposit, form gels under the influence of the deposit temperature, followed by (2) production of oil through at least one production well, wherein the deposit in the region between the injection well and the production well has a temperature distribution with a minimum temperature T in a step upstream of process step (1), the temperature distribution in the region between the injection well and the production well is analyzed, and in process step (1), at least two different portions of aqueous, gel-forming formulations (F) are injected successively into the formation, each of the portions being capable of gel formation at a temperature or in a temperature range within a span of from T",0.5042341247411984,0.9915317505176031,,,,,
8496815,"1. A modular system for recovering iodine from an aqueous brine, comprising: an oil well for producing a flow of aqueous brine; a pipe connected to the oil well for carrying the flow of aqueous brine; a head tank connected to the pipe to receive a portion of the flow of aqueous brine passing through the pipe; a bypass mechanism disposed in the pipe to permit the head tank to capture said portion of the flow of aqueous brine passing through the pipe; a pH controller that acidifies brine received from the head tank to a desired acidity; an oxidizer that converts iodide in the acidified brine to elemental iodine; and at least one activated carbon contactor module removably inserted into a stream of oxidized brine provided by the oxidizer, wherein the at least one activated carbon contactor module binds the molecular iodine to form an iodine complex.",0.4957455324528672,0.9914910649057344,,,,,
8651282,"1. An apparatus for segregating particulate material by density and/or size to concentrate a contaminant contained within part of the particulate material for separation from the rest of the particulate material, comprising: (a) an enclosed fluidizing bed having (i) a receiving inlet for receiving the particulate material; (ii) an inlet opening for receiving a fluidizing stream for fluidizing at least a portion of the particulate material to create without mechanically-applied oscillation a first fluidized particulate material stream, and a first non-fluidized particulate material stream containing an increased concentration of the contaminant relative to the particulate material; (iii) a discharge outlet for discharging a portion of the fluidizing stream containing elutriated fines from the particulate material feed; (iv) a discharge outlet for discharging the first fluidized particulate material stream; and (v) discharge outlet for discharging the first non-fluidized particulate material stream containing the increased concentration of the contaminant; (b) a collector box positioned to receive the first non-fluidized particulate material stream discharged from the fluidizing bed, the collector box including means for directing a second fluidizing stream through the first non-fluidized particulate material stream as it is transported through the collector box to fluidize at least a portion of the first non-fluidized particulate material stream to create without mechanically-applied oscillation (i) a second non-fluidized particulate material stream from the first non-fluidized particulate material stream containing a further increased concentration of the contaminant and (ii) a second fluidized particulate material stream containing elutriated fines from the first non-fluidized particulate material stream; (c) a first fluidizing stream operatively connected to the inlet opening of the fluidizing bed for introducing the first fluidizing stream into the fluidizing bed to achieve separation of the first fluidized particulate material stream from the first non-fluidized particulate material stream; and (d) a second fluidizing stream operatively connected to the collector box for introducing the second fluidizing stream into the collector box to achieve separation of the second non-fluidized particulate material stream from the first non-fluidized particulate material stream.",0.5042870528504568,0.9914258942990863,,,,,
8553640,"1. A communications system for exchange of information between a base station and a terminal by a multicarrier transmission mode using a plurality frequency bands, the communication system comprising: a transmission data generator configured to generate frequency band set information indicating which frequency band is to be used for transmission of dedicated user data information between said base station and said terminal, wherein the frequency band set is made variable; a transmitter configured to transmit the frequency band set information by using a specific frequency band which is set from among a plurality of frequency band assigned to the communications system, and to transmit dedicated user data information by using the frequency band set and the specific frequency band at a time; and a receiver configured to receive the frequency band set information by using the specific frequency band, wherein the frequency band set as at least one frequency band set from among said plurality of frequency bands without the specific frequency band.",0.5043372403268199,0.9913255193463602,,,,,
9337879,"1. A system, comprising: a first transceiver module comprising:",0.4956381375769343,0.9912762751538686,,,,,
8536377,"1. A process for preparing N,N-substituted 3-aminopropan-1-ols by a) reacting secondary amine with acrolein at a temperature of (−50) to 100° C. and a pressure of 0.01 to 300 bar, and b) reacting the reaction mixture obtained in stage a) with hydrogen and ammonia in the presence of a hydrogenation catalyst at a pressure of 1 to 400 bar,",0.49557001971662745,0.9911400394332549,,,,,
8647503,"1. A wash flow filter assembly for use in an associated aircraft engine, the assembly comprising: a housing having an inlet and first and second outlets in fluid communication with one another; a filter disposed along a fluid path between the inlet and the first outlet whereby filtered material separated by the filter is washed therefrom and carried by throughflow fluid to the first outlet; the second outlet located downstream of the filter from the inlet and receiving filtered fluid flow therefrom; a movable poppet disposed along the fluid path for varying the amount of flow along the fluid path; and a recirculating passage in the movable poppet for redirecting at least a portion of throughflow from a location downstream of the poppet toward an upstream end of the poppet along the fluid path.",0.5045326360841015,0.990934727831797,,,,,
9086126,"1. An assembly comprising: a housing enclosing a disconnect clutch, a motor and a gear train; and a drive shell surrounding a torque converter, the drive shell including an input attached to an engine, a tubular output connected to a disconnect clutch input, the disconnect clutch and the motor located between the torque converter and gear train.",0.49546254534524714,0.9909250906904943,,,,,
8464594,"1. A gas nozzle measurement apparatus comprising: (a) a controllable gas source to provide across a gas plate having gas nozzles, a flow of gas at a constant pressure or constant flow rate; and (b) a sensor plate sized to cover an area comprising at least a portion of the front face of the gas plate, the sensor plate comprising gas flow sensors arranged in locations that correspond to positions of individual gas nozzles of the gas plate such that each gas flow sensor can measure a pressure, flow rate, density or velocity of a gas stream passing through the individual gas nozzle that faces a gas flow sensor, and generate a signal indicative of, or display, the pressure, flow rate, density or velocity of the gas stream passing through the individual gas nozzle.",0.49538898749461396,0.9907779749892279,,,,,
9499455,"1. A process for the selective dimerization of ethylene to 1-butene, said process comprising selectively dimerizing ethylene in the presence of a catalytic composition comprising at least one alkoxy or aryloxy titanium compound, at least one ether compound, and at least one aluminum compound, in which the molar ratio between the ether compound and the alkoxy or aryloxy titanium compound is more than 10 and the molar ratio between the aluminum compound and the alkoxy or aryloxy titanium compound is more than 4.",0.4953698725560639,0.9907397451121278,,,,,
9112984,"1. A method of monitoring an acoustic environment of a mobile device, the method comprising: receiving, by the mobile device, acoustic input from the environment of the mobile device while the mobile device is operating in a low power mode; detecting whether the acoustic input includes a voice command from a user without requiring receipt of an explicit trigger from the user; and initiating responding to the detected voice command.",0.49534950442024417,0.9906990088404883,,,,,
9506007,1. A low sulfur marine distillate fuel trunk piston diesel engine lubricating oil composition comprising: (a) a major amount of a Group I base oil and/or a Group II base oil; (b) a detergent composition comprising: wherein the ratio of weight % medium overbased detergent to weight % high overbased detergent is from about 0.1:1 to 10:1; wherein the TBN of the composition is less than 30 mg KOH/g; wherein the composition does not contain:,0.5046721967994364,0.9906556064011272,,,,,
9305469,"1. A method of mounting a subsea antifouling sign to a structure or equipment to be deployed subsea, the method comprising the steps of: providing a subsea antifouling sign, the sign comprising: removing the protective lining from the adhesive layer or coating; attaching the subsea antifouling sign to the structure by adhering the adhesive layer or coating to a surface of the structure; and sealing a gap between a perimeter of the body of the antifouling material and the subsea structure or equipment surface with a separate bead of adhesive material, wherein the adhesive material is selected from the group consisting of acrylic cement, polyurethane materials, epoxy materials and RTV silicones.",0.49529288181036585,0.9905857636207317,,,,,
8722791,"1. A polyvinylidene fluoride resin composition comprising: 100 parts by mass of a resin component containing two polyvinylidene fluorides which differ either in average particle size, or in melt flow rates, or both, in a total amount of 50 to 95% by mass and polymethyl methacrylate in an amount of 5 to 50% by mass; 7 to 40 parts by mass of a white inorganic pigment; and 0.01 to 7 parts by mass of an inorganic coloring pigment other than the white inorganic pigment for toning; at least one of the two polyvinylidene fluorides having an MFR (melt flow rate) of 3 to 35 g/10 min determined at a temperature of 230° C. and a load of 3.8 kg in accordance with JIS K 7210, method A, the polymethyl methacrylate having an MFR (melt flow rate) of 2 to 20 g/10 min determined at a temperature of 230° C. and a load of 10 kg in accordance with JIS K 7210, method A.",0.504716029358326,0.9905679412833479,,,,,
8946874,"1. An integrated circuit comprising: a substrate layer having an active device disposed thereon; a dielectric layer disposed over the active device; a metal layer disposed over the dielectric layer, the metal layer electrically connected to the active device by metal features disposed in the dielectric layer; and a protection layer on top of the metal layer and in physical contact with the metal layer, wherein a first portion of the protection layer contains a thermal neutron absorbing material that is an elemental impurity selected from the group consisting of Gd, Sm, Cd, and combinations thereof, wherein the first portion of protection layer extends past the metal layer and contacts a topmost surface of the dielectric layer, and wherein at least a portion of the thermal neutron absorbing material is disposed below a topmost surface of the metal layer.",0.4952407503885591,0.9904815007771182,,,,,
9332192,"1. An image generating device, comprising: a light receiving sensor including a plurality of light receiving elements for receiving light that has passed through a lens; a shutter for blocking the light that reaches the light receiving sensor; an exposure start control unit for starting exposure by performing reset of the light receiving sensor at a designated exposure start timing; an image generating unit for generating image data according to the amount of light received by the light receiving sensor from when exposure starts until it ends; and an exposure start timing control unit for generating a plurality of the image data at a plurality of timings during movement of the shutter while the movement of the shutter is executed one or more times, and for determining the exposure start timing based on the plurality of the image data, each of the plurality of the image data including a plurality of pixels corresponding to the plurality of the light receiving elements, wherein the exposure start timing control unit generates each of the plurality of image data by simultaneously reading exposure amounts from the plurality of the light receiving elements including the light receiving element on which a shutter shadow is projected and the light receiving element on which the shutter shadow is not projected.",0.49502091911522017,0.9900418382304403,,,,,
9574324,"1. A work machine comprising: two or more actuators to drive a common drive object, the actuators including at least one hydraulic actuator and one electric actuator; a hydraulic pump for to supply pressurized fluid to the hydraulic actuator; an electric power supply device to supply electricity to the electric actuator; an operating device having a control lever to output, through a single operation via the control lever, an operating signal for concurrently operating the hydraulic actuator and the electric actuator; a controller configured to switch between a plurality of drive modes including a hydraulic-alone drive mode and an electric-alone drive mode, wherein the hydraulic-alone drive mode drives only the hydraulic actuator among the two or more actuators to thereby drive the drive object when the operating device is operated, and the electric-alone drive mode drives only the electric actuator among the two or more actuators to thereby drive the drive object when the operating device is operated; and an input device used by an operator to select, at the operator's request, any one of the plurality of drive modes including the hydraulic-alone drive mode and the electric-alone drive mode, wherein, when one of the hydraulic-alone drive mode or the electric-alone drive mode is selected with the input device, the controller is further configured to switch the drive mode of the drive object in accordance with the drive mode thus selected.",0.49496366747535664,0.9899273349507133,,,,,
8802119,"1. A method of treating an FAAH-mediated disorder comprising administering to a subject in need thereof a therapeutically effective amount of a compound of formula I: or a pharmaceutically acceptable salt, solvate or prodrug thereof, or mixture thereof, wherein: m is 1 when m is 0 when X X X n is 0 or 1; provided that at least one of X Z Z or alternatively, Z R R R R R R R R R R R R R p, q, r, and t, at each occurrence, each independently is selected from 1, 2, 3, 4, 5 and 6; wherein the FAAH-mediated disorder is a pain disorder or an inflammatory disorder.",0.49495954548550736,0.9899190909710147,,,,,
9850756,"1. A method for construction of an underground reservoir, the method comprising the steps of: a) drilling a first well and a second well extending from a ground surface to a limestone layer, disposing at least one channel in the limestone layer to connect the first well and the second well, and inserting a first sleeve and a second sleeve in the first well and the second well, respectively; b) introducing carbon dioxide having a gas pressure of at least 1 MPa from a carbon dioxide storage tank into a first carbon dioxide absorption solution in an absorption tower to yield a carbon dioxide solution, injecting the carbon dioxide solution into the first sleeve and allowing the carbon dioxide solution to flow to the limestone layer through the first sleeve and react with limestone to yield a solution of calcium bicarbonate, thereby forming a cavern with the solution of calcium bicarbonate being contained in the cavern, and discharging the solution of calcium bicarbonate out of the second sleeve; c) collecting the solution of calcium bicarbonate; decompressing the solution of calcium bicarbonate; decomposing calcium bicarbonate in the solution of calcium bicarbonate to carbon dioxide, water, calcium carbonate, and a second carbon dioxide absorption solution; separating carbon dioxide from the second carbon dioxide absorption solution by using a vacuum pump; crystallizing, precipitating, and discharging calcium carbonate by using a crystallizer; then transporting the second carbon dioxide absorption solution to the absorption tower; transporting carbon dioxide to the carbon dioxide storage tank; and storing calcium carbonate; and d) repeating steps b) and c) until the cavern reaches a desired size, discharging solutions from the cavern to yield the underground reservoir.",0.49493736256652887,0.9898747251330577,,,,,
9512363,"1. A method for extracting bitumen from an oil sand stream, the method comprising at least the steps of: (a) providing an oil sand stream; (b) contacting the oil sand stream with a liquid comprising a non-aqueous solvent thereby obtaining a solvent-diluted oil sand slurry; (c) screening the solvent-diluted oil sand slurry thereby obtaining a screened oil sand slurry and a rejects stream; (d) introducing the rejects stream into a water bath from a confined space; (e) transporting the rejects stream through the water bath to a space above the surface of the water bath, wherein the space above the water bath is the atmosphere and the rejects stream is transported through the water bath under a weir, the weir separating the confined space from the atmosphere; and (f) extracting bitumen from the screened oil sand slurry obtained in step (c).",0.49488353443300703,0.9897670688660141,,,,,
9312607,"1. A package for active electronics, comprising: a housing structure configured to house the active electronics; a connector element; and an interposer element adhered to the housing structure by epoxy, mechanically fastened to the connector element and disposed to define a tie point between the housing structure and the connector element such that the tie point is remote from respective edges of the housing structure and the connector element.",0.49487736488772477,0.9897547297754495,,,,,
9119146,"1. A method comprising: determining a duration of a discontinuous reception cycle for a user terminal, wherein the beginning of the cycle triggers a first active period during which the user terminal is in an active mode; determining an interval between periodic channel quality indicator reports for the user terminal; aligning the discontinuous reception cycle with the interval between the periodic channel quality indicator reports such that the periodic channel quality indicator is transmitted within the first active period of the discontinuous reception cycle; receiving the periodic channel quality indicator during the first active period of the discontinuous reception cycle, obtaining an up-to-date channel quality indicator for the discontinuous reception cycle; and scheduling the user terminals for downlink transmission by taking the received periodic channel quality indicator into account.",0.49484922656601493,0.9896984531320299,,,,,
9258735,"1. A wireless end-user device, comprising: a wireless wide area network (WWAN) modem to communicate data for Internet service activities between the device and at least one WWAN, when configured for and connected to the WWAN; a non-transitory memory to store a configurable differential traffic control policy; a service processor to implement",0.5051527238424747,0.9896945523150507,,,,,
8443176,"1. A method for reducing cache memory pollution, comprising: fetching an instruction stream from a current cache line; preventing a fetching for the instruction stream from a next sequential cache line until pre-fetching from the next sequential cache line is permitted; searching instructions to be pre-fetched from the instruction stream for a next predicted taken branch instruction; permitting fetching of the instruction stream from the next sequential cache line based on determining that the next predicted taken branch instruction is not in the current cache line; determining whether a length of the instruction stream extends beyond a length of the current cache line based on the next predicted taken branch instruction; continuing preventing the fetching for the instruction stream from the sequential cache line based on determining that the length of the instruction stream does not extend beyond the length of the current cache line, and continuing preventing the fetching for the instruction stream is dependent on determining if the length of the instruction stream extends beyond the length of the current cache line within an amount of time; allowing the fetching for the instruction stream from the next sequential cache line based on determining that the length of the instruction stream extends beyond the length of the current cache line and comprising allowing the fetching for the instruction stream from the next sequential cache line after the amount of time.",0.5053624117749388,0.9892751764501224,,,,,
9763134,"1. A method performed by a user equipment (UE) for wireless communication, the method comprising: receiving, by the UE, an authentication load indicator from an access point (AP), the authentication load indicator indicates an amount of authentication traffic at a network entity; and determining, by the UE, to perform authentication with the network entity based at least in part on the authentication load indicator.",0.5054131898950062,0.9891736202099877,,,,,
9539229,"1. A method for the prophylaxis or treatment of damage in intestinal tract barrier function or a disease caused by the damage in a mammal, comprising administering an effective amount of a hydroxlyated fatty acid having 18 carbon atoms and having a hydroxyl group at the 10-position to the mammal, thereby treating or preventing damage in intestinal tract barrier function or a disease caused by the damage.",0.4945729207837373,0.9891458415674746,,,,,
9783214,"1. An operation management device that manages an operation of a plurality of vehicles traveling along a track, the operation management device comprising: a vehicle position acquisition unit that acquires positions of the plurality of vehicles present on the track; a density calculation unit that calculates density of the plurality of vehicles traveling within a predetermined range on the track; and a departure determination unit that adjusts a departure time of a predetermined target vehicle by changing a time to transmit a departure instruction to the target vehicle on the basis of one or both of: front direction density indicating density of vehicles traveling in a range which is defined ahead of the target vehicle within a predetermined distance therefrom and moves with the target vehicle, and rear direction density indicating density of vehicles traveling in a range which is defined behind the target vehicle within a predetermined distance therefrom and moves with the target vehicle.",0.4944289783836542,0.9888579567673084,,,,,
9708316,"1. The compound of the formula wherein: R is or a heterocyclic or heterobicyclic group substituted with 0-4 R 2 ; X R R R R R R R R R R R m is 0, 1, 2, 3, or 4; n is 0, 1, 2 or 3; and/or a pharmaceutically acceptable salt, tautomer or stereoisomer thereof.",0.49442635187954714,0.9888527037590943,,,,,
8539010,"1. A virtual machine, comprising: a computer including a memory, a processor, a timer and an input/output (I/O) device; and a virtual machine monitor to be loaded on the memory and executed by the processor, the virtual machine monitor controlling execution of at least one guest operating system (OS) on the processor, accepting a process request from the guest OS to the computer and handing over a result of execution made by the computer in response to the process request to the guest OS, wherein the virtual machine monitor makes the processor function as: a unit to receive a timer setting from the guest OS, the timer setting being for making the timer generate a timer interrupt after a lapse of a setting period; a timer changing unit to change the setting period set in the timer setting so that a ratio of first I/O wait time to first I/O process time other than the first I/O wait time becomes approximate to a ratio of second I/O wait time to second I/O process time, the first I/O wait time being time recognized by the guest OS as I/O wait time, time first I/O process time being time recognized by the guest OS as I/O process time, the second I/O wait time being time recognized by the virtual machine monitor as I/O wait time, and the second I/O process time being time recognized by the virtual machine monitor as I/O process time; a unit to set the timer setting with the changed setting period in the timer; and a unit to notify, when receiving the timer interrupt, the guest OS of occurrence of the timer interrupt.",0.5055858411396881,0.9888283177206239,,,,,
9236796,"1. A method of having a negative output voltage at a negative output terminal of a charge pump tracking a positive output voltage at a positive output terminal of the charge pump, wherein the charge pump comprises a first switch, a second switch, a third switch, a fourth switch, an inductor, a first output capacitor, a flying capacitor and a second output capacitor, wherein: the inductor having a first end and a second end, wherein the first end is coupled to an input terminal; the first switch having a first end, a second end and a control end, wherein the first end of the first switch is coupled to the second end of the inductor, and the second end of the first switch is coupled to a reference ground; the second switch having a first end, a second end and a control end, wherein the first end of the second switch is coupled to the second end of the inductor, and the second end of the second switch is coupled to the positive output terminal; the first output capacitor having a first end and a second end, wherein the first end of the first output capacitor is coupled to the second end of the second switch, and the second end of the first output capacitor is coupled to the reference ground; the flying capacitor having a first end and a second end, wherein the first end of the flying capacitor is coupled to the second end of the inductor; the third switch having a first end, a second end and a control end, wherein the first end of the third switch is coupled to the second end of the flying capacitor and the second end of the third switch is coupled to the negative output terminal; the second output capacitor having a first end and a second end, wherein the first end of the second output capacitor is coupled to the second end of the third switch, and the second end of the second output capacitor is coupled to the reference ground; and the fourth switch having a first end, a second end and a control end, wherein the first end of the fourth switch is coupled to the second end of the flying capacitor and the second end of the fourth switch is coupled to the reference ground; the method comprising selecting a serial resistance for the second switch in its ON state to be at least twice higher than the serial resistance for each of the first switch, the third switch and the fourth switch in their ON states.",0.4943725724568792,0.9887451449137584,,,,,
8660067,"1. Apparatus for communicating between a server of an advanced metering infrastructure (AMI) system and a distribution automation (DA) device, the AMI system comprising a wireless network of metering devices that communicate in accordance with a first communications protocol, each metering device defining a node on the wireless network and each node having a unique identifier on the wireless network, the DA device being adapted to communicate in accordance with a second protocol that is different from the first protocol of the wireless network of metering devices, the apparatus comprising: a first communications interface that operates in accordance with the first communications protocol to communicate via said wireless network of the AMI system; a second communications interface adapted to enable the apparatus to be connected to a corresponding interface of the DA device; a memory containing one or more ANSI C12.19-compliant data tables; and a processor that operates to:",0.5056909316855972,0.9886181366288056,,,,,
8387051,"1. A computer-implemented method comprising: identifying one or more machines that are suitable to perform a particular computing job; determining that the one or more identified machines are missing one or more dimensions for performing the particular computing job; selecting, by a smart scheduler, the one or more identified machines to perform the particular computing job based, at least in part, on the determining; locating a group of config jobs to be performed on the one or more selected machines to cause the one or more selected machines to be configured to include the one or more dimensions, wherein locating the group of config jobs comprises only grouping config jobs together that do not cause any unresolved constraint conflicts with any other config jobs within the group; and causing, automatically and without user intervention, the located group of config jobs to be performed on the one or more selected machines.",0.4941108415452242,0.9882216830904484,,,,,
8513227,"1. A method of treating a mammal at risk for or having sepsis, septicemia, and/or endotoxic shock, the method comprising administering to the mammal a purified tanshinone in a manner effective to reduce or prevent a physiologic effect of the sepsis, septicemia, and/or endotoxic shock, wherein the purified tanshinone is tanshinone IIA sodium sulfonate.",0.4940639608726938,0.9881279217453875,,,,,
9108884,"1. A method of producing metakaolin, comprising the step of heating kaolinite clay with a hot industrial mineral, wherein said kaolinite clay is added to the hot industrial mineral after said industrial mineral has been heated to a temperature of between 750° F. to 1400° F. and discharged from a furnace or calciner, and the kaolinite clay is heated solely using the heat from the hot industrial mineral for a time sufficient to create metakaolin, wherein said kaolinite clay is about at least 90% pure and the temperature of the kaolinite clay does not vary by more than 50° F. during the heating for a time sufficient to create metakaolin.",0.4939641372625962,0.9879282745251924,,,,,
8668350,"1. A lighting system, comprising: an LED array which includes first and second LED sub-arrays; a first input operatively coupled to the first LED sub-array through a controller; and a second input operatively coupled to the second LED sub-array through the controller; wherein first and second wavelength spectrums provided by the first and second sub-arrays, respectively, are adjustable in response to adjusting first and second input signals provided to the first and second inputs, respectively.",0.5061581973272895,0.987683605345421,,,,,
9450132,"1. A photoelectric conversion device comprising: a single crystal semiconductor layer having one conductivity type over a substrate; a buffer layer including a single crystal region and an amorphous region over the single crystal semiconductor layer; a first semiconductor layer including a single crystal region and an amorphous region over and in direct contact with the buffer layer; and a second semiconductor layer having a conductivity type opposite to the one conductivity type over the first semiconductor layer, wherein a proportion of the amorphous region in the first semiconductor layer gradually increases with respect to a proportion of the single crystal region in the first semiconductor layer as the distance from the buffer layer in the direction of the second semiconductor layer increases forming a conical shape, and wherein the first semiconductor layer has i-type conductivity.",0.4938254742529766,0.9876509485059533,,,,,
9697765,"1. An organic light emitting display comprising: a display unit configured to be driven by image data; a data accumulator configured to compress and accumulate first data corresponding to a first portion of the image data for driving a first region of the display unit, identify a second region of the display unit from the first region by analyzing the accumulated first data, and compress and accumulate second data corresponding to a second portion of the image data for driving the second region with a compression ratio based on a size of the second region; and a data compensator configured to compensate the image data based on the accumulated first and second data, wherein the data accumulator comprises: a controller configured to identify the second region by analyzing the accumulated first data, and determine the compression ratio based on the size of the second region; a gray-stress converter configured to generate the first and second data by converting gray levels included in the first and second portions of the image data into stress values constituting the first and second data, respectively; a first compressor configured to compress the first data using a lossy compression method; a second compressor configured to compress the second data based on a compression ratio; and a memory configured to accumulate and store the compressed first and second data as the accumulated first and second data, respectively.",0.4937761426488475,0.987552285297695,,,,,
8972812,"1. A pipelined processor, comprising: a) a combinational logic of several stages; b) a voltage regulator; c) a counter; d) a comparator; and e) a plurality of stage registers, said stage registers being double latch (DL) registers and each being disposed between two adjacent stages of said combinational logic; wherein said DL register comprises a flip-flop, a latch, an XOR gate, and a MUX module; when a high level of a register clock CLK said data, latched by said flip-flop and said latch respectively, are compared by said XOR gate: if they are same, an output Error of said XOR gate is low level, and an output A of said flip-flop is delivered to a next stage; if they are different, the output Error of said XOR gate is high level, and an output B of said latch is delivered to the next stage; the output Error of a last DL register is inverted, then AND with a clock CLK of said processor to obtain said register clock CLK the result E",0.506311676003281,0.987376647993438,,,,,
8511643,"1. A diaphragm having an outer diameter Φ of 10 to 35 mm and comprising a dome portion in a dome shape and a flange portion formed continuously at a peripheral edge of the dome portion via a boundary portion, wherein the boundary portion has a radius of curvature R of 0.6 mm or more on a convex side of the dome portion, and wherein the diaphragm is formed of a cobalt-based superalloy having a composition range of 30 to 45% of cobalt, 10 to 20% of nickel, 5 to 20% of chromium, 3 to 5% of tungsten, 3 to 9% of molybdenum, and 1 to 40% of iron in terms of mass ratio.",0.5064021405273712,0.9871957189452576,,,,,
8591699,"1. A processing chamber comprising: a chamber body defining at least a first processing region and a second processing region, wherein the chamber body has: a substrate support in each processing region; a first entry port formed above the first processing region and coupled to a first gas distribution assembly disposed over a top portion of the first processing region; a second entry port formed above the second processing region and coupled to a second gas distribution assembly disposed over a top portion of the second processing region; a first vertical passage extending downward through a chamber wall; one or more first cross channels open to a bottom portion of the first processing region and intersecting the first vertical passage; a second vertical passage extending downward through the chamber wall; and one or more second cross channels open to a bottom portion of the second processing region and intersecting the second vertical passage; a remote plasma source configured to provide a cleaning plasma towards the top portions and/or the bottom portions of the first and second processing regions; a first gas conduit connecting the remote plasma source to the first and second entry ports; and a valve having an inlet coupled to the first gas conduit and at least one outlet coupled to the first and second vertical passages, wherein opening of the valve selectively diverts a portion of the cleaning plasma from the remote plasma source to the bottom portions of the first and second processing regions for introducing the cleaning plasma to a lower side of the substrate support.",0.49358213427033626,0.9871642685406725,,,,,
9529419,"1. A switching element, comprising: a plurality of interfaces connected with a processing pipeline and a packet buffer; a clock generator connected with the processing pipeline and the packet buffer, the clock generator configured to operate at a determined speed; where the determined speed of the clock generator is adjusted according an operating state of the interfaces; and a memory configured to store a hardware forwarding database to store packet forwarding information for packets received at the interfaces, at least a portion of the hardware forwarding database configured to be powered down in accordance with the determined speed of the clock generator being adjusted and the at least a portion of the hardware forwarding database being duplicated in another memory.",0.5064329085188454,0.9871341829623093,,,,,
8846434,"1. A method for manufacturing a micromorph tandem cell including a substrate/p-i-n junction configuration having a glass/air interface and comprising a μc-Si:H bottom cell and an a-Si:H top cell, an LPCVD ZnO front contact layer and a ZnO back contact in combination with a white reflector, comprising steps of applying an AR—Anti-Reflecting—concept to the micromorph tandem cell by DART-etching a glass surface of said air/glass interface to provide antireflection (AR) at the air/glass interface and for a desired light scattering ability (D); and implementing an intermediate reflector in the micromorph tandem cell.",0.506437039903029,0.987125920193942,,,,,
9163258,"1. A method of eliminating adipocytes in a subject, comprising administering a therapeutically effective amount of a composition comprising isolated T lymphocytes modified to express a target specific chimeric antigen receptor, wherein the target is a cell surface antigen preferentially expressed on an adipocyte.",0.49355657312490087,0.9871131462498017,,,,,
8655489,"1. An air-conditioning controller configured to receive an operation input for an air-conditioning apparatus capable of being set to a plurality of airflow direction settings, the air-conditioning controller comprising: a switching button for switching between the airflow direction settings including constant airflow direction settings, each of the constant airflow direction settings setting an airflow direction of the air-conditioning apparatus to a constant direction which is distinct for each of the constant airflow direction settings, the constant airflow direction settings having a prestored order for changing between the constant airflow direction settings; a determination unit configured to determine a currently selected airflow direction setting based on an operation input inputted via the switching button; and a display unit configured to simultaneously display an image corresponding to the currently selected airflow direction setting and an alphanumeric character corresponding to the currently selected airflow direction setting, the image and the alphanumeric character each corresponding to the currently selected airflow direction setting in a one-to-one correspondence, a number of the alphanumeric character on the display unit changing sequentially according to the prestored order in response to the currently selected airflow direction setting being switched among the constant airflow direction settings in a first direction of the prestored order corresponding to a first direction of change of the airflow direction.",0.5064614368577767,0.9870771262844467,,,,,
9455726,"1. A method for a linear control circuit, comprising: generating a digital N-bit linear count; routing the least significant M bits [(M−1):0] for linear control for fine delay mixing of a phase compensation loop; routing the most significant (N−M) bits [(N−1):M] for linear control for coarse control of a delay chain for the phase compensation loop; and performing a bitwise XOR (exclusive OR) of bit M with each of bits [(M−1):0] to generate M linear control bits as the linear control for fine delay mixing, the M linear control bits to generate a linear control count having a triangular contour, where the linear control count repeatedly, continuously counts from 0 to (2",0.5065789218439811,0.9868421563120378,,,,,
9559235,"1. A device comprising a first photoelectric conversion unit in direct contact with a second photoelectric conversion unit, each comprising: a first substrate comprising a first photoelectric conversion element; a second substrate comprising a second photoelectric conversion element; a third substrate comprising a third photoelectric conversion element; a first light-dividing device over the third substrate; and a second light-dividing device over the third substrate, wherein the first light-dividing device intersects the second light-dividing device, wherein the first substrate, the second substrate, and the third substrate are arranged in a substantially U-shaped form, wherein the first substrate and the second substrate are in direct contact with the third substrate, wherein the first substrate and the third substrate are secured in a brace form by the first light-dividing device which extends diagonally from the first substrate to the third substrate, wherein the second substrate and the third substrate are secured in a brace form by the second light-dividing device which extends diagonally from the second substrate to the third substrate, wherein the first photoelectric conversion element is opposite to the second photoelectric conversion element, wherein the first light-dividing device is configured to reflect a part of an incident light toward the second photoelectric conversion element, wherein the second light-dividing device is configured to reflect a part of the incident light toward the first photoelectric conversion element, wherein the third photoelectric conversion element is configured to receive light transmitted through the first light-dividing device and the second light-dividing device, and wherein the first photoelectric conversion unit and the second photoelectric conversion unit are oriented in different directions from each other.",0.49341074468176305,0.9868214893635261,,,,,
8490722,"1. A riding-type ground working vehicle comprising: left and right wheels which are main drive wheels independently driven to travel by two respective traction motors, steering control wheels provided separately in a longitudinal direction with respect to the left and right wheels, and a working machine that is driven to perform ground work, the riding-type ground working vehicle further comprising: command value calculating section that calculates two target rotational speed command values of the two respective traction motors based on an acceleration instruction and a turn instruction input by a driver; yaw rate detecting section that detects a yaw rate of the vehicle; target yaw rate calculating section that calculates a target yaw rate based on the acceleration instruction and the turn instruction; correction coefficient acquiring section that acquires two correction coefficients relating to the two respective traction motors based on a deviation between the target yaw rate and a yaw rate detection value; and control section that corrects the two target rotational speed command values by the two correction coefficients, and controls driving of the two traction motors based on the two corrected target rotational speed command values.",0.4933878120426188,0.9867756240852376,,,,,
9028385,"1. An apparatus for providing rods formed from a continuous supply of filter material for use in the manufacture of cigarette filter elements, each rod having individual objects placed at predetermined spaced intervals along the length thereof, the apparatus comprising: a first hopper configured to provide a reservoir for objects; a second hopper positioned to receive objects from the first hopper; a reciprocating screen disposed between the first hopper and the second hopper, the reciprocating screen defining a plurality of passageways therein, and the reciprocating screen being configured to facilitate transfer of the objects from the first hopper to the second hopper; an object insertion unit in operable communication with the second hopper and configured to introduce a plurality of objects into engagement with the continuous supply of filter material, the object insertion unit comprising a rotatable insertion wheel having a peripheral face, the peripheral face comprising a plurality of spaced pockets for receiving individual objects therein; and a housing having an inner surface and disposed near the bottom portion of the rotatable insertion wheel, the inner surface of the housing in a relative close spacing of the peripheral face of the rotatable insertion wheel so that each individual object is maintained within the respective pocket during delivery of the objects to the location where the objects are to be introduced into the filter material.",0.4930721713221901,0.9861443426443802,,,,,
9639751,"1. A system comprising: one or more processors; one or more non-transitory computer-readable mediums operatively coupled to the one or more processors, and having instructions stored thereon, that when executed by the one or more processors cause a computing device to:",0.4930703084844064,0.9861406169688128,,,,,
9619000,"1. A board comprising: a semiconductor device including: at least a first terminal to receive a signal that sets a functionality of the semiconductor device; a second terminal configured to supply a signal of a first value; and a third terminal configured to supply a signal of a second value, the semiconductor device adapted to be connected in series; a first connection member including three terminals connected respectively to the first to third terminals of the semiconductor device; a second connection member adapted to be connected to the first connection member provided on a counterpart board; and a first connection circuit to connect at least two terminals of the second connection member together, the first connection member of the board adapted to be connected to the second connection member provided on another counterpart board.",0.4930096414049265,0.986019282809853,,,,,
9772302,"1. A system for thermal and temporal stress quality assurance of a quantitative electrochemical physiological sample test system, comprising: a plurality of electrochemical sensors, a calibration circuit in communication with the subset of electrochemical sensors, and wherein the calibration parameter comprises;",0.5070093161894618,0.9859813676210765,,,,,
9135737,"1. A computer-implemented method in a roof estimate report system including at least one processor and a memory coupled to the at least one processor, the method comprising: displaying, by the at least one processor of the roof estimate report system, a plurality of aerial images of a roof at the same time, each of the aerial images providing a different view, taken from a different angle of the same roof; displaying, by the at least one processor of the roof estimate report system, respective line drawings representing features of the roof, the respective line drawings overlying a first and a second aerial image of the plurality of aerial images of the roof, the line drawing overlying the first aerial image of the roof having features in common with the line drawing overlying the second aerial image of the roof; in response to user input, changing, by the at least one processor of the roof estimate report system, the line drawing representing a feature of the roof that overlies the first aerial image of the roof; in response to the changing, making corresponding changes, by the at least one processor of the roof estimate report system, to the line drawing overlying the second aerial image; and generating and outputting a roof estimate report using a report generation engine, wherein the roof estimate report includes numerical values for corresponding slope, area, or lengths of edges of at least some of a plurality of planar roof sections of the roof, wherein the generated roof estimate report is provided for repair and/or constructing the roof structure of the building.",0.4929234243076503,0.9858468486153006,,,,,
